era,mass,file,hist_path,fit_min,fit_max,plot_min,plot_max,original_bin_width,rebin_factor,rebinned_bin_width,fit_status,covariance_status,amplitude,amplitude_error,mean,mean_error,sigma,sigma_error,sigma_over_mass,sigma_over_mass_error,chi2,ndf,chi2_ndf,plot_files
2016preVFP,12.0,/data6/Users/joonblee/SKOutput/Run2UL_v3_Run3_v13/NIsoMuon/2016preVFP/NIsoMuon_Zp_M-12.root,OS_POGMedium_tight_BJet_NIsoDimuon/Dilepton_Mass___OS_POGMedium_tight_BJet_NIsoDimuon,10.8,13.2,9.6,14.4,0.02,3,0.06,0,3,1956037.4336948884,40074.97031931917,11.989156654680475,0.0023887823841377553,0.16596928237096603,0.0019002557022752137,0.013830773530913837,0.0001583546418562678,105.78593632525518,32,3.3058105101642243,plots/sigFit/sigFit_2016preVFP_M-12.pdf;plots/sigFit/sigFit_2016preVFP_M-12.png
2016preVFP,15.0,/data6/Users/joonblee/SKOutput/Run2UL_v3_Run3_v13/NIsoMuon/2016preVFP/NIsoMuon_Zp_M-15.root,OS_POGMedium_tight_BJet_NIsoDimuon/Dilepton_Mass___OS_POGMedium_tight_BJet_NIsoDimuon,13.5,16.5,12.0,18.0,0.02,4,0.08,0,3,1159659.8603736,14175.11465765303,14.986759569559082,0.0019361856599822147,0.21712620358039755,0.0015377858278401019,0.01447508023869317,0.00010251905518934013,227.53836337459487,30,7.584612112486496,plots/sigFit/sigFit_2016preVFP_M-15.pdf;plots/sigFit/sigFit_2016preVFP_M-15.png
2016preVFP,20.0,/data6/Users/joonblee/SKOutput/Run2UL_v3_Run3_v13/NIsoMuon/2016preVFP/NIsoMuon_Zp_M-20.root,OS_POGMedium_tight_BJet_NIsoDimuon/Dilepton_Mass___OS_POGMedium_tight_BJet_NIsoDimuon,18.0,22.0,16.0,24.0,0.02,5,0.1,0,3,439618.26536051376,5693.075532837014,19.976240233709913,0.0027438365471024184,0.29733903766537234,0.00216808395214238,0.014866951883268618,0.000108404197607119,190.93680242259234,33,5.785963709775525,plots/sigFit/sigFit_2016preVFP_M-20.pdf;plots/sigFit/sigFit_2016preVFP_M-20.png
2016preVFP,25.0,/data6/Users/joonblee/SKOutput/Run2UL_v3_Run3_v13/NIsoMuon/2016preVFP/NIsoMuon_Zp_M-25.root,OS_POGMedium_tight_BJet_NIsoDimuon/Dilepton_Mass___OS_POGMedium_tight_BJet_NIsoDimuon,22.5,27.5,20.0,30.0,0.02,6,0.12,0,3,160585.07593959587,2624.2707214492693,24.973678840401856,0.004645127908048607,0.39286717548681005,0.003616435845914312,0.0157146870194724,0.00014465743383657248,80.56900789932521,34,2.3696767029213297,plots/sigFit/sigFit_2016preVFP_M-25.pdf;plots/sigFit/sigFit_2016preVFP_M-25.png
2016preVFP,30.0,/data6/Users/joonblee/SKOutput/Run2UL_v3_Run3_v13/NIsoMuon/2016preVFP/NIsoMuon_Zp_M-30.root,OS_POGMedium_tight_BJet_NIsoDimuon/Dilepton_Mass___OS_POGMedium_tight_BJet_NIsoDimuon,27.0,33.0,24.0,36.0,0.02,6,0.12,0,3,57218.062555978184,1838.3710408419138,29.93117895555833,0.011126663747329957,0.4714015156944725,0.010172527034965656,0.015713383856482417,0.0003390842344988552,51.7291475737012,41,1.261686526187834,plots/sigFit/sigFit_2016preVFP_M-30.pdf;plots/sigFit/sigFit_2016preVFP_M-30.png
2016preVFP,35.0,/data6/Users/joonblee/SKOutput/Run2UL_v3_Run3_v13/NIsoMuon/2016preVFP/NIsoMuon_Zp_M-35.root,OS_POGMedium_tight_BJet_NIsoDimuon/Dilepton_Mass___OS_POGMedium_tight_BJet_NIsoDimuon,31.5,38.5,28.0,42.0,0.02,6,0.12,0,3,21672.72877116134,678.6601482964179,34.9335627123487,0.014701116818422122,0.5965273387678106,0.012759104665535426,0.017043638250508874,0.00036454584758672647,33.94327844775396,50,0.6788655689550792,plots/sigFit/sigFit_2016preVFP_M-35.pdf;plots/sigFit/sigFit_2016preVFP_M-35.png
2016preVFP,40.0,/data6/Users/joonblee/SKOutput/Run2UL_v3_Run3_v13/NIsoMuon/2016preVFP/NIsoMuon_Zp_M-40.root,OS_POGMedium_tight_BJet_NIsoDimuon/Dilepton_Mass___OS_POGMedium_tight_BJet_NIsoDimuon,36.0,44.0,32.0,48.0,0.02,10,0.2,0,3,15412.196184680954,202.16952014182152,39.930342809325744,0.0072574710761657,0.7149400968737982,0.00681384974123711,0.017873502421844954,0.00017034624353092775,71.8626925687038,33,2.1776573505667822,plots/sigFit/sigFit_2016preVFP_M-40.pdf;plots/sigFit/sigFit_2016preVFP_M-40.png
2016preVFP,45.0,/data6/Users/joonblee/SKOutput/Run2UL_v3_Run3_v13/NIsoMuon/2016preVFP/NIsoMuon_Zp_M-45.root,OS_POGMedium_tight_BJet_NIsoDimuon/Dilepton_Mass___OS_POGMedium_tight_BJet_NIsoDimuon,40.5,49.5,36.0,54.0,0.02,10,0.2,0,3,7238.213067128334,119.06487221806901,44.918209736437326,0.01097292155714058,0.8436468754604287,0.010131875287866299,0.01874770834356508,0.00022515278417480663,31.356433294543542,38,0.82516929722483,plots/sigFit/sigFit_2016preVFP_M-45.pdf;plots/sigFit/sigFit_2016preVFP_M-45.png
2016preVFP,50.0,/data6/Users/joonblee/SKOutput/Run2UL_v3_Run3_v13/NIsoMuon/2016preVFP/NIsoMuon_Zp_M-50.root,OS_POGMedium_tight_BJet_NIsoDimuon/Dilepton_Mass___OS_POGMedium_tight_BJet_NIsoDimuon,45.0,55.0,40.0,60.0,0.02,12,0.24,0,3,4477.757541137862,112.73224100163816,49.879438663795746,0.018512127083603502,0.9369125949752374,0.017146147814793455,0.018738251899504746,0.0003429229562958691,32.431670741299435,34,0.953872668861748,plots/sigFit/sigFit_2016preVFP_M-50.pdf;plots/sigFit/sigFit_2016preVFP_M-50.png
2016preVFP,55.0,/data6/Users/joonblee/SKOutput/Run2UL_v3_Run3_v13/NIsoMuon/2016preVFP/NIsoMuon_Zp_M-55.root,OS_POGMedium_tight_BJet_NIsoDimuon/Dilepton_Mass___OS_POGMedium_tight_BJet_NIsoDimuon,49.5,60.5,44.0,66.0,0.02,12,0.24,0,3,2260.148780224023,58.085685792983895,54.90637543692294,0.02393367295577775,1.1338390849289646,0.025568858043900744,0.020615256089617538,0.00046488832807092264,36.79844641828944,38,0.9683801689023536,plots/sigFit/sigFit_2016preVFP_M-55.pdf;plots/sigFit/sigFit_2016preVFP_M-55.png
2016preVFP,60.0,/data6/Users/joonblee/SKOutput/Run2UL_v3_Run3_v13/NIsoMuon/2016preVFP/NIsoMuon_Zp_M-60.root,OS_POGMedium_tight_BJet_NIsoDimuon/Dilepton_Mass___OS_POGMedium_tight_BJet_NIsoDimuon,54.0,66.0,48.0,72.0,0.02,15,0.3,0,3,1588.9367212911181,51.81889172084527,59.78157110550667,0.041714140478667616,1.3456481808620329,0.049074032547010704,0.02242746968103388,0.0008179005424501784,15.930870311294608,31,0.5138990422998261,plots/sigFit/sigFit_2016preVFP_M-60.pdf;plots/sigFit/sigFit_2016preVFP_M-60.png
2016preVFP,65.0,/data6/Users/joonblee/SKOutput/Run2UL_v3_Run3_v13/NIsoMuon/2016preVFP/NIsoMuon_Zp_M-65.root,OS_POGMedium_tight_BJet_NIsoDimuon/Dilepton_Mass___OS_POGMedium_tight_BJet_NIsoDimuon,58.5,71.5,52.0,78.0,0.02,15,0.3,0,3,883.4225444354914,20.72393961121753,64.90032100886427,0.03069826478122195,1.4464650307226086,0.029565242239560363,0.02225330816496321,0.00045484988060862097,38.268809331113175,35,1.0933945523175193,plots/sigFit/sigFit_2016preVFP_M-65.pdf;plots/sigFit/sigFit_2016preVFP_M-65.png
2016preVFP,70.0,/data6/Users/joonblee/SKOutput/Run2UL_v3_Run3_v13/NIsoMuon/2016preVFP/NIsoMuon_Zp_M-70.root,OS_POGMedium_tight_BJet_NIsoDimuon/Dilepton_Mass___OS_POGMedium_tight_BJet_NIsoDimuon,63.0,77.0,56.0,84.0,0.02,15,0.3,0,3,499.0366942828721,11.98851211479925,69.84195649628488,0.03155533593996296,1.4943194925033114,0.03202100934676855,0.02134742132147588,0.0004574429906681221,41.36092323886224,39,1.06053649330416,plots/sigFit/sigFit_2016preVFP_M-70.pdf;plots/sigFit/sigFit_2016preVFP_M-70.png
2016postVFP,12.0,/data6/Users/joonblee/SKOutput/Run2UL_v3_Run3_v13/NIsoMuon/2016postVFP/NIsoMuon_Zp_M-12.root,OS_POGMedium_tight_BJet_NIsoDimuon/Dilepton_Mass___OS_POGMedium_tight_BJet_NIsoDimuon,10.8,13.2,9.6,14.4,0.02,3,0.06,0,3,1507968.6380526198,34353.604967041756,11.991911463836233,0.0026394046934612447,0.16978392295851547,0.0021952419491441666,0.014148660246542955,0.00018293682909534723,112.43051326946765,31,3.626790750627989,plots/sigFit/sigFit_2016postVFP_M-12.pdf;plots/sigFit/sigFit_2016postVFP_M-12.png
2016postVFP,15.0,/data6/Users/joonblee/SKOutput/Run2UL_v3_Run3_v13/NIsoMuon/2016postVFP/NIsoMuon_Zp_M-15.root,OS_POGMedium_tight_BJet_NIsoDimuon/Dilepton_Mass___OS_POGMedium_tight_BJet_NIsoDimuon,13.5,16.5,12.0,18.0,0.02,4,0.08,0,3,909797.9018570636,12047.946040277777,14.988834214707266,0.0021469056508029993,0.22223043887440094,0.0016203342118795566,0.014815362591626729,0.00010802228079197043,155.4984477369847,30,5.183281591232824,plots/sigFit/sigFit_2016postVFP_M-15.pdf;plots/sigFit/sigFit_2016postVFP_M-15.png
2016postVFP,20.0,/data6/Users/joonblee/SKOutput/Run2UL_v3_Run3_v13/NIsoMuon/2016postVFP/NIsoMuon_Zp_M-20.root,OS_POGMedium_tight_BJet_NIsoDimuon/Dilepton_Mass___OS_POGMedium_tight_BJet_NIsoDimuon,18.0,22.0,16.0,24.0,0.02,5,0.1,0,3,345353.2147480258,4894.422734758322,19.97223769006787,0.0031343526443681213,0.3054261996070865,0.0025004026569814264,0.015271309980354326,0.0001250201328490713,156.78120025356768,33,4.750945462229324,plots/sigFit/sigFit_2016postVFP_M-20.pdf;plots/sigFit/sigFit_2016postVFP_M-20.png
2016postVFP,25.0,/data6/Users/joonblee/SKOutput/Run2UL_v3_Run3_v13/NIsoMuon/2016postVFP/NIsoMuon_Zp_M-25.root,OS_POGMedium_tight_BJet_NIsoDimuon/Dilepton_Mass___OS_POGMedium_tight_BJet_NIsoDimuon,22.5,27.5,20.0,30.0,0.02,6,0.12,0,3,124777.44027519492,2364.553118361873,24.963207260869936,0.005628171403024851,0.4074878206457009,0.005083839302749443,0.016299512825828037,0.00020335357210997772,84.37630770108285,34,2.481656108855378,plots/sigFit/sigFit_2016postVFP_M-25.pdf;plots/sigFit/sigFit_2016postVFP_M-25.png
2016postVFP,30.0,/data6/Users/joonblee/SKOutput/Run2UL_v3_Run3_v13/NIsoMuon/2016postVFP/NIsoMuon_Zp_M-30.root,OS_POGMedium_tight_BJet_NIsoDimuon/Dilepton_Mass___OS_POGMedium_tight_BJet_NIsoDimuon,27.0,33.0,24.0,36.0,0.02,6,0.12,0,3,42846.32075989167,1444.4276613566108,29.915530899194295,0.013238166684200081,0.5128316657926554,0.01193910619465216,0.01709438885975518,0.00039797020648840535,38.83387088469124,43,0.9031132763881683,plots/sigFit/sigFit_2016postVFP_M-30.pdf;plots/sigFit/sigFit_2016postVFP_M-30.png
2016postVFP,35.0,/data6/Users/joonblee/SKOutput/Run2UL_v3_Run3_v13/NIsoMuon/2016postVFP/NIsoMuon_Zp_M-35.root,OS_POGMedium_tight_BJet_NIsoDimuon/Dilepton_Mass___OS_POGMedium_tight_BJet_NIsoDimuon,31.5,38.5,28.0,42.0,0.02,6,0.12,0,3,16171.140756485727,562.2638407515124,34.936624958256765,0.017331995420207136,0.6411674301396638,0.016968951725572556,0.018319069432561823,0.0004848271921592159,65.2223806241718,45,1.4493862360927068,plots/sigFit/sigFit_2016postVFP_M-35.pdf;plots/sigFit/sigFit_2016postVFP_M-35.png
2016postVFP,40.0,/data6/Users/joonblee/SKOutput/Run2UL_v3_Run3_v13/NIsoMuon/2016postVFP/NIsoMuon_Zp_M-40.root,OS_POGMedium_tight_BJet_NIsoDimuon/Dilepton_Mass___OS_POGMedium_tight_BJet_NIsoDimuon,36.0,44.0,32.0,48.0,0.02,10,0.2,0,3,11703.88034429096,162.58778459594032,39.931090106125446,0.008363989013176365,0.7663036493396311,0.00802922951384627,0.019157591233490777,0.00020073073784615674,63.320647423918246,33,1.9188074976944922,plots/sigFit/sigFit_2016postVFP_M-40.pdf;plots/sigFit/sigFit_2016postVFP_M-40.png
2016postVFP,45.0,/data6/Users/joonblee/SKOutput/Run2UL_v3_Run3_v13/NIsoMuon/2016postVFP/NIsoMuon_Zp_M-45.root,OS_POGMedium_tight_BJet_NIsoDimuon/Dilepton_Mass___OS_POGMedium_tight_BJet_NIsoDimuon,40.5,49.5,36.0,54.0,0.02,10,0.2,0,3,5426.8366539946055,102.78718162960195,44.9215864055817,0.013574801292453031,0.9117820044808221,0.015164175402578306,0.020261822321796047,0.00033698167561285123,94.69853819100547,38,2.492066794500144,plots/sigFit/sigFit_2016postVFP_M-45.pdf;plots/sigFit/sigFit_2016postVFP_M-45.png
2016postVFP,50.0,/data6/Users/joonblee/SKOutput/Run2UL_v3_Run3_v13/NIsoMuon/2016postVFP/NIsoMuon_Zp_M-50.root,OS_POGMedium_tight_BJet_NIsoDimuon/Dilepton_Mass___OS_POGMedium_tight_BJet_NIsoDimuon,45.0,55.0,40.0,60.0,0.02,12,0.24,0,3,3183.64595997856,86.21499711739261,49.92274158656859,0.024328785025979016,1.0639863165705168,0.024099096515532215,0.021279726331410335,0.0004819819303106443,40.534075251585456,34,1.1921786838701605,plots/sigFit/sigFit_2016postVFP_M-50.pdf;plots/sigFit/sigFit_2016postVFP_M-50.png
2016postVFP,55.0,/data6/Users/joonblee/SKOutput/Run2UL_v3_Run3_v13/NIsoMuon/2016postVFP/NIsoMuon_Zp_M-55.root,OS_POGMedium_tight_BJet_NIsoDimuon/Dilepton_Mass___OS_POGMedium_tight_BJet_NIsoDimuon,49.5,60.5,44.0,66.0,0.02,12,0.24,0,3,1695.6782287424512,47.67711839586002,54.872472682083746,0.029136511148418975,1.188722138966953,0.03232125593795776,0.021613129799399142,0.0005876591988719593,40.77567756456335,39,1.045530193963163,plots/sigFit/sigFit_2016postVFP_M-55.pdf;plots/sigFit/sigFit_2016postVFP_M-55.png
2016postVFP,60.0,/data6/Users/joonblee/SKOutput/Run2UL_v3_Run3_v13/NIsoMuon/2016postVFP/NIsoMuon_Zp_M-60.root,OS_POGMedium_tight_BJet_NIsoDimuon/Dilepton_Mass___OS_POGMedium_tight_BJet_NIsoDimuon,54.0,66.0,48.0,72.0,0.02,15,0.3,0,3,1213.326564493546,40.136695679218406,59.79841669766088,0.04522511238126725,1.3484857473656262,0.04355330703824334,0.02247476245609377,0.000725888450637389,38.519329839827485,33,1.1672524193887117,plots/sigFit/sigFit_2016postVFP_M-60.pdf;plots/sigFit/sigFit_2016postVFP_M-60.png
2016postVFP,65.0,/data6/Users/joonblee/SKOutput/Run2UL_v3_Run3_v13/NIsoMuon/2016postVFP/NIsoMuon_Zp_M-65.root,OS_POGMedium_tight_BJet_NIsoDimuon/Dilepton_Mass___OS_POGMedium_tight_BJet_NIsoDimuon,58.5,71.5,52.0,78.0,0.02,15,0.3,0,3,686.3629005937556,18.74811064290799,64.87821203073032,0.038059103342419576,1.466087355594373,0.0474620214204966,0.022555190086067278,0.0007301849449307169,50.82977633699138,36,1.411938231583094,plots/sigFit/sigFit_2016postVFP_M-65.pdf;plots/sigFit/sigFit_2016postVFP_M-65.png
2016postVFP,70.0,/data6/Users/joonblee/SKOutput/Run2UL_v3_Run3_v13/NIsoMuon/2016postVFP/NIsoMuon_Zp_M-70.root,OS_POGMedium_tight_BJet_NIsoDimuon/Dilepton_Mass___OS_POGMedium_tight_BJet_NIsoDimuon,63.0,77.0,56.0,84.0,0.02,15,0.3,0,3,376.7447702154493,8.863781365763032,69.80235666046904,0.03622102681993056,1.6310355160298413,0.027726463838075532,0.023300507371854875,0.00039609234054393616,54.04612792795291,40,1.3511531981988227,plots/sigFit/sigFit_2016postVFP_M-70.pdf;plots/sigFit/sigFit_2016postVFP_M-70.png
2017,12.0,/data6/Users/joonblee/SKOutput/Run2UL_v3_Run3_v13/NIsoMuon/2017/NIsoMuon_Zp_M-12.root,OS_POGMedium_tight_BJet_NIsoDimuon/Dilepton_Mass___OS_POGMedium_tight_BJet_NIsoDimuon,10.8,13.2,9.6,14.4,0.02,3,0.06,0,3,3911689.9604248083,81821.29549303581,11.991808706284507,0.0024975137724396745,0.1658117673421474,0.002006608630376619,0.013817647278512283,0.00016721738586471824,154.2464318263126,32,4.820200994572269,plots/sigFit/sigFit_2017_M-12.pdf;plots/sigFit/sigFit_2017_M-12.png
2017,15.0,/data6/Users/joonblee/SKOutput/Run2UL_v3_Run3_v13/NIsoMuon/2017/NIsoMuon_Zp_M-15.root,OS_POGMedium_tight_BJet_NIsoDimuon/Dilepton_Mass___OS_POGMedium_tight_BJet_NIsoDimuon,13.5,16.5,12.0,18.0,0.02,4,0.08,0,3,2456060.029612226,30069.23769416893,14.982924205401194,0.0018520274096038847,0.21404046325278428,0.0014553075244449348,0.014269364216852286,9.702050162966232e-05,207.7503236535701,30,6.925010788452337,plots/sigFit/sigFit_2017_M-15.pdf;plots/sigFit/sigFit_2017_M-15.png
2017,20.0,/data6/Users/joonblee/SKOutput/Run2UL_v3_Run3_v13/NIsoMuon/2017/NIsoMuon_Zp_M-20.root,OS_POGMedium_tight_BJet_NIsoDimuon/Dilepton_Mass___OS_POGMedium_tight_BJet_NIsoDimuon,18.0,22.0,16.0,24.0,0.02,5,0.1,0,3,920762.0946272529,11545.359937487461,19.97597210401579,0.002671146598261842,0.2990968937973549,0.0020990030454230146,0.014954844689867745,0.00010495015227115073,177.2107597190318,33,5.3700230217888425,plots/sigFit/sigFit_2017_M-20.pdf;plots/sigFit/sigFit_2017_M-20.png
2017,25.0,/data6/Users/joonblee/SKOutput/Run2UL_v3_Run3_v13/NIsoMuon/2017/NIsoMuon_Zp_M-25.root,OS_POGMedium_tight_BJet_NIsoDimuon/Dilepton_Mass___OS_POGMedium_tight_BJet_NIsoDimuon,22.5,27.5,20.0,30.0,0.02,6,0.12,0,3,347941.77486379654,5671.806653824344,24.969984216598412,0.00466758627033137,0.39288465268253925,0.003728955882403129,0.015715386107301568,0.00014915823529612515,117.97697690647936,34,3.469911085484687,plots/sigFit/sigFit_2017_M-25.pdf;plots/sigFit/sigFit_2017_M-25.png
2017,30.0,/data6/Users/joonblee/SKOutput/Run2UL_v3_Run3_v13/NIsoMuon/2017/NIsoMuon_Zp_M-30.root,OS_POGMedium_tight_BJet_NIsoDimuon/Dilepton_Mass___OS_POGMedium_tight_BJet_NIsoDimuon,27.0,33.0,24.0,36.0,0.02,6,0.12,0,3,119872.17029854785,3693.189149663034,29.94201419939786,0.011175809335039588,0.47737262598583474,0.010550919328371017,0.01591242086619449,0.00035169731094570055,64.81109031015687,39,1.6618228284655607,plots/sigFit/sigFit_2017_M-30.pdf;plots/sigFit/sigFit_2017_M-30.png
2017,35.0,/data6/Users/joonblee/SKOutput/Run2UL_v3_Run3_v13/NIsoMuon/2017/NIsoMuon_Zp_M-35.root,OS_POGMedium_tight_BJet_NIsoDimuon/Dilepton_Mass___OS_POGMedium_tight_BJet_NIsoDimuon,31.5,38.5,28.0,42.0,0.02,6,0.12,0,3,45869.44927384059,1409.0789791330171,34.947446237598335,0.015493264897266101,0.6210726893060484,0.01421458920297114,0.017744933980172812,0.0004061311200848897,36.28927723520736,46,0.7888973312001599,plots/sigFit/sigFit_2017_M-35.pdf;plots/sigFit/sigFit_2017_M-35.png
2017,40.0,/data6/Users/joonblee/SKOutput/Run2UL_v3_Run3_v13/NIsoMuon/2017/NIsoMuon_Zp_M-40.root,OS_POGMedium_tight_BJet_NIsoDimuon/Dilepton_Mass___OS_POGMedium_tight_BJet_NIsoDimuon,36.0,44.0,32.0,48.0,0.02,10,0.2,0,3,34469.3593454961,438.1198845211111,39.93453972942514,0.00691827178749449,0.7061847802053259,0.006512525381753453,0.017654619505133147,0.00016281313454383635,95.83527117881498,33,2.904099126630757,plots/sigFit/sigFit_2017_M-40.pdf;plots/sigFit/sigFit_2017_M-40.png
2017,45.0,/data6/Users/joonblee/SKOutput/Run2UL_v3_Run3_v13/NIsoMuon/2017/NIsoMuon_Zp_M-45.root,OS_POGMedium_tight_BJet_NIsoDimuon/Dilepton_Mass___OS_POGMedium_tight_BJet_NIsoDimuon,40.5,49.5,36.0,54.0,0.02,10,0.2,0,3,16316.500184940356,259.2379544276464,44.91128627331543,0.010462021383460751,0.8371457785392411,0.009672942116278505,0.018603239523094246,0.00021495426925063343,42.96168279208892,38,1.1305705997918138,plots/sigFit/sigFit_2017_M-45.pdf;plots/sigFit/sigFit_2017_M-45.png
2017,50.0,/data6/Users/joonblee/SKOutput/Run2UL_v3_Run3_v13/NIsoMuon/2017/NIsoMuon_Zp_M-50.root,OS_POGMedium_tight_BJet_NIsoDimuon/Dilepton_Mass___OS_POGMedium_tight_BJet_NIsoDimuon,45.0,55.0,40.0,60.0,0.02,12,0.24,0,3,9802.543080377345,239.68705642429177,49.88634967711447,0.018580719540185697,0.9636484524484455,0.017735601871785356,0.01927296904896891,0.0003547120374357071,46.618926671963045,34,1.3711449021165603,plots/sigFit/sigFit_2017_M-50.pdf;plots/sigFit/sigFit_2017_M-50.png
2017,55.0,/data6/Users/joonblee/SKOutput/Run2UL_v3_Run3_v13/NIsoMuon/2017/NIsoMuon_Zp_M-55.root,OS_POGMedium_tight_BJet_NIsoDimuon/Dilepton_Mass___OS_POGMedium_tight_BJet_NIsoDimuon,49.5,60.5,44.0,66.0,0.02,12,0.24,0,3,5135.349461831484,124.36142776300267,54.9003198559765,0.02096151739369745,1.1046759821982712,0.020452338895192046,0.020085017858150388,0.00037186070718530994,45.76967185650873,38,1.2044650488554929,plots/sigFit/sigFit_2017_M-55.pdf;plots/sigFit/sigFit_2017_M-55.png
2017,60.0,/data6/Users/joonblee/SKOutput/Run2UL_v3_Run3_v13/NIsoMuon/2017/NIsoMuon_Zp_M-60.root,OS_POGMedium_tight_BJet_NIsoDimuon/Dilepton_Mass___OS_POGMedium_tight_BJet_NIsoDimuon,54.0,66.0,48.0,72.0,0.02,15,0.3,0,3,3726.896164232585,111.14239568266612,59.89410561265481,0.034622102409617384,1.2453048459496834,0.03466350862538481,0.020755080765828056,0.0005777251437564135,25.070058074639142,32,0.7834393148324732,plots/sigFit/sigFit_2017_M-60.pdf;plots/sigFit/sigFit_2017_M-60.png
2017,65.0,/data6/Users/joonblee/SKOutput/Run2UL_v3_Run3_v13/NIsoMuon/2017/NIsoMuon_Zp_M-65.root,OS_POGMedium_tight_BJet_NIsoDimuon/Dilepton_Mass___OS_POGMedium_tight_BJet_NIsoDimuon,58.5,71.5,52.0,78.0,0.02,15,0.3,0,3,2001.836255958824,47.78946241599783,64.85840496449242,0.029629937322326327,1.427220532766926,0.03341941105566626,0.021957238965645016,0.0005141447854717886,28.521320695671406,36,0.7922589082130946,plots/sigFit/sigFit_2017_M-65.pdf;plots/sigFit/sigFit_2017_M-65.png
2017,70.0,/data6/Users/joonblee/SKOutput/Run2UL_v3_Run3_v13/NIsoMuon/2017/NIsoMuon_Zp_M-70.root,OS_POGMedium_tight_BJet_NIsoDimuon/Dilepton_Mass___OS_POGMedium_tight_BJet_NIsoDimuon,63.0,77.0,56.0,84.0,0.02,15,0.3,0,3,1123.3279613934308,25.95720190264467,69.81998635211748,0.03351867579997503,1.4881388316423942,0.03156593124007012,0.02125912616631992,0.0004509418748581446,37.36946324153461,40,0.9342365810383653,plots/sigFit/sigFit_2017_M-70.pdf;plots/sigFit/sigFit_2017_M-70.png
2018,12.0,/data6/Users/joonblee/SKOutput/Run2UL_v3_Run3_v13/NIsoMuon/2018/NIsoMuon_Zp_M-12.root,OS_POGMedium_tight_BJet_NIsoDimuon/Dilepton_Mass___OS_POGMedium_tight_BJet_NIsoDimuon,10.8,13.2,9.6,14.4,0.02,3,0.06,0,3,6002737.233788811,124333.94978097593,11.987925737309006,0.002375186460355394,0.16429074161776303,0.0019776968175802268,0.013690895134813585,0.00016480806813168555,148.31911814181845,32,4.634972441931827,plots/sigFit/sigFit_2018_M-12.pdf;plots/sigFit/sigFit_2018_M-12.png
2018,15.0,/data6/Users/joonblee/SKOutput/Run2UL_v3_Run3_v13/NIsoMuon/2018/NIsoMuon_Zp_M-15.root,OS_POGMedium_tight_BJet_NIsoDimuon/Dilepton_Mass___OS_POGMedium_tight_BJet_NIsoDimuon,13.5,16.5,12.0,18.0,0.02,4,0.08,0,3,3681291.9758142773,45092.210804310394,14.981682814532794,0.001838734143364107,0.21479524603597383,0.0014726921413600602,0.014319683069064922,9.817947609067068e-05,236.1983206599499,30,7.8732773553316635,plots/sigFit/sigFit_2018_M-15.pdf;plots/sigFit/sigFit_2018_M-15.png
2018,20.0,/data6/Users/joonblee/SKOutput/Run2UL_v3_Run3_v13/NIsoMuon/2018/NIsoMuon_Zp_M-20.root,OS_POGMedium_tight_BJet_NIsoDimuon/Dilepton_Mass___OS_POGMedium_tight_BJet_NIsoDimuon,18.0,22.0,16.0,24.0,0.02,5,0.1,0,3,1403385.8024989981,17604.015633157454,19.974270621954318,0.002640291484270918,0.29735253532949735,0.002058836104405465,0.014867626766474868,0.00010294180522027325,156.4466257463891,33,4.740806840799669,plots/sigFit/sigFit_2018_M-20.pdf;plots/sigFit/sigFit_2018_M-20.png
2018,25.0,/data6/Users/joonblee/SKOutput/Run2UL_v3_Run3_v13/NIsoMuon/2018/NIsoMuon_Zp_M-25.root,OS_POGMedium_tight_BJet_NIsoDimuon/Dilepton_Mass___OS_POGMedium_tight_BJet_NIsoDimuon,22.5,27.5,20.0,30.0,0.02,6,0.12,0,3,518592.4476612476,8519.44315003595,24.970022543507262,0.004538706310949436,0.39435242263794384,0.0036390233516621073,0.015774096905517752,0.0001455609340664843,111.51941754493741,34,3.2799828689687476,plots/sigFit/sigFit_2018_M-25.pdf;plots/sigFit/sigFit_2018_M-25.png
2018,30.0,/data6/Users/joonblee/SKOutput/Run2UL_v3_Run3_v13/NIsoMuon/2018/NIsoMuon_Zp_M-30.root,OS_POGMedium_tight_BJet_NIsoDimuon/Dilepton_Mass___OS_POGMedium_tight_BJet_NIsoDimuon,27.0,33.0,24.0,36.0,0.02,6,0.12,0,3,178304.01388254185,5275.31648977242,29.94144911483019,0.011781455809359187,0.4949779261643202,0.010432746980243268,0.01649926420547734,0.0003477582326747756,36.73094688044546,40,0.9182736720111364,plots/sigFit/sigFit_2018_M-30.pdf;plots/sigFit/sigFit_2018_M-30.png
2018,35.0,/data6/Users/joonblee/SKOutput/Run2UL_v3_Run3_v13/NIsoMuon/2018/NIsoMuon_Zp_M-35.root,OS_POGMedium_tight_BJet_NIsoDimuon/Dilepton_Mass___OS_POGMedium_tight_BJet_NIsoDimuon,31.5,38.5,28.0,42.0,0.02,6,0.12,0,3,67671.64996330797,2176.8844054832443,34.935903007188294,0.014882289984942787,0.6088922745787876,0.014009578561834768,0.0173969221308225,0.00040027367319527907,61.34083307934238,47,1.3051241080711145,plots/sigFit/sigFit_2018_M-35.pdf;plots/sigFit/sigFit_2018_M-35.png
2018,40.0,/data6/Users/joonblee/SKOutput/Run2UL_v3_Run3_v13/NIsoMuon/2018/NIsoMuon_Zp_M-40.root,OS_POGMedium_tight_BJet_NIsoDimuon/Dilepton_Mass___OS_POGMedium_tight_BJet_NIsoDimuon,36.0,44.0,32.0,48.0,0.02,10,0.2,0,3,50554.7378992696,641.713788534249,39.942353887191665,0.0071143545458092206,0.724760440061529,0.006623714382847312,0.018119011001538225,0.0001655928595711828,67.69502884471652,33,2.0513645104459552,plots/sigFit/sigFit_2018_M-40.pdf;plots/sigFit/sigFit_2018_M-40.png
2018,45.0,/data6/Users/joonblee/SKOutput/Run2UL_v3_Run3_v13/NIsoMuon/2018/NIsoMuon_Zp_M-45.root,OS_POGMedium_tight_BJet_NIsoDimuon/Dilepton_Mass___OS_POGMedium_tight_BJet_NIsoDimuon,40.5,49.5,36.0,54.0,0.02,10,0.2,0,3,23894.83889903305,381.87632473610756,44.90882483101957,0.010496850430190108,0.8396434139080532,0.009542734239738282,0.01865874253129007,0.00021206076088307294,68.7864163876154,38,1.8101688523056685,plots/sigFit/sigFit_2018_M-45.pdf;plots/sigFit/sigFit_2018_M-45.png
2018,50.0,/data6/Users/joonblee/SKOutput/Run2UL_v3_Run3_v13/NIsoMuon/2018/NIsoMuon_Zp_M-50.root,OS_POGMedium_tight_BJet_NIsoDimuon/Dilepton_Mass___OS_POGMedium_tight_BJet_NIsoDimuon,45.0,55.0,40.0,60.0,0.02,12,0.24,0,3,14314.09264842299,351.84050549028507,49.8799355490153,0.02156938004017306,0.9828922654722967,0.021150040849288787,0.019657845309445934,0.0004230008169857757,45.31727257777853,34,1.3328609581699569,plots/sigFit/sigFit_2018_M-50.pdf;plots/sigFit/sigFit_2018_M-50.png
2018,55.0,/data6/Users/joonblee/SKOutput/Run2UL_v3_Run3_v13/NIsoMuon/2018/NIsoMuon_Zp_M-55.root,OS_POGMedium_tight_BJet_NIsoDimuon/Dilepton_Mass___OS_POGMedium_tight_BJet_NIsoDimuon,49.5,60.5,44.0,66.0,0.02,12,0.24,0,3,7657.927500198352,186.3442710412287,54.870232848626635,0.020571055432082375,1.1015957300597259,0.02001026954462959,0.0200290132738132,0.0003638230826296289,94.24546608364162,39,2.416550412401067,plots/sigFit/sigFit_2018_M-55.pdf;plots/sigFit/sigFit_2018_M-55.png
2018,60.0,/data6/Users/joonblee/SKOutput/Run2UL_v3_Run3_v13/NIsoMuon/2018/NIsoMuon_Zp_M-60.root,OS_POGMedium_tight_BJet_NIsoDimuon/Dilepton_Mass___OS_POGMedium_tight_BJet_NIsoDimuon,54.0,66.0,48.0,72.0,0.02,15,0.3,0,3,5572.102409746692,163.99123801512724,59.885519359643425,0.02828040878123872,1.2137488319187477,0.028055289565626862,0.020229147198645794,0.00046758815942711437,43.67671601073424,33,1.3235368488101285,plots/sigFit/sigFit_2018_M-60.pdf;plots/sigFit/sigFit_2018_M-60.png
2018,65.0,/data6/Users/joonblee/SKOutput/Run2UL_v3_Run3_v13/NIsoMuon/2018/NIsoMuon_Zp_M-65.root,OS_POGMedium_tight_BJet_NIsoDimuon/Dilepton_Mass___OS_POGMedium_tight_BJet_NIsoDimuon,58.5,71.5,52.0,78.0,0.02,15,0.3,0,3,2936.322547258976,69.20818574022178,64.86080574364723,0.02764598619994274,1.3889953396393881,0.029642580722930134,0.021369159071375203,0.00045603970342969436,41.77756105709362,36,1.1604878071414895,plots/sigFit/sigFit_2018_M-65.pdf;plots/sigFit/sigFit_2018_M-65.png
2018,70.0,/data6/Users/joonblee/SKOutput/Run2UL_v3_Run3_v13/NIsoMuon/2018/NIsoMuon_Zp_M-70.root,OS_POGMedium_tight_BJet_NIsoDimuon/Dilepton_Mass___OS_POGMedium_tight_BJet_NIsoDimuon,63.0,77.0,56.0,84.0,0.02,15,0.3,0,3,1658.0076033204623,39.281542654247005,69.85725467569546,0.03198505031829768,1.4956441433096284,0.03267470073070189,0.02136634490442326,0.000466781439010027,34.53044617718148,39,0.8853960558251662,plots/sigFit/sigFit_2018_M-70.pdf;plots/sigFit/sigFit_2018_M-70.png
2022,12.0,/data6/Users/joonblee/SKOutput/Run2UL_v3_Run3_v13/NIsoMuon/2022/NIsoMuon_Zp_M-12.root,OS_POGMedium_tight_BJet_NIsoDimuon/Dilepton_Mass___OS_POGMedium_tight_BJet_NIsoDimuon,10.8,13.2,9.6,14.4,0.02,3,0.06,0,3,415180.7157229799,16554.676793312858,11.99101644118999,0.00462674984701561,0.161330067200851,0.004638723352669946,0.013444172266737582,0.0003865602793891622,68.00364027196282,28,2.4287014382843863,plots/sigFit/sigFit_2022_M-12.pdf;plots/sigFit/sigFit_2022_M-12.png
2022,15.0,/data6/Users/joonblee/SKOutput/Run2UL_v3_Run3_v13/NIsoMuon/2022/NIsoMuon_Zp_M-15.root,OS_POGMedium_tight_BJet_NIsoDimuon/Dilepton_Mass___OS_POGMedium_tight_BJet_NIsoDimuon,13.5,16.5,12.0,18.0,0.02,4,0.08,0,3,277009.95570019854,4921.380574191309,14.985245198031402,0.002595495136944237,0.21221698706545894,0.002000178904285166,0.014147799137697262,0.00013334526028567771,128.43092558170642,30,4.281030852723547,plots/sigFit/sigFit_2022_M-15.pdf;plots/sigFit/sigFit_2022_M-15.png
2022,20.0,/data6/Users/joonblee/SKOutput/Run2UL_v3_Run3_v13/NIsoMuon/2022/NIsoMuon_Zp_M-20.root,OS_POGMedium_tight_BJet_NIsoDimuon/Dilepton_Mass___OS_POGMedium_tight_BJet_NIsoDimuon,18.0,22.0,16.0,24.0,0.02,5,0.1,0,3,101479.79200729734,1964.1265406090097,19.963056127378728,0.00377018677838592,0.2874700723784233,0.003094628861337101,0.014373503618921165,0.00015473144306685503,116.37067328978092,33,3.5263840390842702,plots/sigFit/sigFit_2022_M-20.pdf;plots/sigFit/sigFit_2022_M-20.png
2022,25.0,/data6/Users/joonblee/SKOutput/Run2UL_v3_Run3_v13/NIsoMuon/2022/NIsoMuon_Zp_M-25.root,OS_POGMedium_tight_BJet_NIsoDimuon/Dilepton_Mass___OS_POGMedium_tight_BJet_NIsoDimuon,22.5,27.5,20.0,30.0,0.02,6,0.12,0,3,35125.637294005064,1162.2350456646527,24.96345169134794,0.009168134639269354,0.3874572924983096,0.007004041181455506,0.015498291699932385,0.00028016164725822024,51.5646966342311,32,1.6113967698197218,plots/sigFit/sigFit_2022_M-25.pdf;plots/sigFit/sigFit_2022_M-25.png
2022,30.0,/data6/Users/joonblee/SKOutput/Run2UL_v3_Run3_v13/NIsoMuon/2022/NIsoMuon_Zp_M-30.root,OS_POGMedium_tight_BJet_NIsoDimuon/Dilepton_Mass___OS_POGMedium_tight_BJet_NIsoDimuon,27.0,33.0,24.0,36.0,0.02,6,0.12,0,3,12390.492234274743,549.0715636684581,29.92130407261059,0.01626910186995545,0.46455893359276185,0.013487113590126082,0.015485297786425396,0.0004495704530042027,53.270955705728674,38,1.4018672554139124,plots/sigFit/sigFit_2022_M-30.pdf;plots/sigFit/sigFit_2022_M-30.png
2022,35.0,/data6/Users/joonblee/SKOutput/Run2UL_v3_Run3_v13/NIsoMuon/2022/NIsoMuon_Zp_M-35.root,OS_POGMedium_tight_BJet_NIsoDimuon/Dilepton_Mass___OS_POGMedium_tight_BJet_NIsoDimuon,31.5,38.5,28.0,42.0,0.02,6,0.12,0,3,4919.339746269387,264.1655877681824,34.946900888761704,0.021218221987471253,0.5425081532647609,0.020926196793392915,0.015500232950421739,0.0005978913369540833,55.7831384259839,41,1.3605643518532657,plots/sigFit/sigFit_2022_M-35.pdf;plots/sigFit/sigFit_2022_M-35.png
2022,40.0,/data6/Users/joonblee/SKOutput/Run2UL_v3_Run3_v13/NIsoMuon/2022/NIsoMuon_Zp_M-40.root,OS_POGMedium_tight_BJet_NIsoDimuon/Dilepton_Mass___OS_POGMedium_tight_BJet_NIsoDimuon,36.0,44.0,32.0,48.0,0.02,10,0.2,0,3,3321.2751111558578,72.51872144750791,39.90930573831708,0.010889858043515943,0.6792387285661525,0.00995129595361871,0.016980968214153812,0.0002487823988404678,60.92501523988991,33,1.846212583026967,plots/sigFit/sigFit_2022_M-40.pdf;plots/sigFit/sigFit_2022_M-40.png
2022,45.0,/data6/Users/joonblee/SKOutput/Run2UL_v3_Run3_v13/NIsoMuon/2022/NIsoMuon_Zp_M-45.root,OS_POGMedium_tight_BJet_NIsoDimuon/Dilepton_Mass___OS_POGMedium_tight_BJet_NIsoDimuon,40.5,49.5,36.0,54.0,0.02,10,0.2,0,3,1464.4828747731058,42.90118792105898,44.9134934643835,0.01776795606498638,0.7866220642402239,0.016216578853670338,0.01748049031644942,0.00036036841897045194,46.60505077459902,37,1.2595959668810546,plots/sigFit/sigFit_2022_M-45.pdf;plots/sigFit/sigFit_2022_M-45.png
2022,50.0,/data6/Users/joonblee/SKOutput/Run2UL_v3_Run3_v13/NIsoMuon/2022/NIsoMuon_Zp_M-50.root,OS_POGMedium_tight_BJet_NIsoDimuon/Dilepton_Mass___OS_POGMedium_tight_BJet_NIsoDimuon,45.0,55.0,40.0,60.0,0.02,12,0.24,0,3,772.7994000545948,35.50319616893427,49.88517414320318,0.034939248523524924,0.9879921526162252,0.02962852285587858,0.019759843052324505,0.0005925704571175716,26.573834552359738,33,0.8052677137078709,plots/sigFit/sigFit_2022_M-50.pdf;plots/sigFit/sigFit_2022_M-50.png
2022,55.0,/data6/Users/joonblee/SKOutput/Run2UL_v3_Run3_v13/NIsoMuon/2022/NIsoMuon_Zp_M-55.root,OS_POGMedium_tight_BJet_NIsoDimuon/Dilepton_Mass___OS_POGMedium_tight_BJet_NIsoDimuon,49.5,60.5,44.0,66.0,0.02,12,0.24,0,3,430.4413296981062,19.115659258978212,54.910158955467736,0.036697402287284575,0.9759998952485098,0.033813671232737874,0.017745452640882,0.0006147940224134158,53.60459415899821,34,1.576605710558771,plots/sigFit/sigFit_2022_M-55.pdf;plots/sigFit/sigFit_2022_M-55.png
2022,60.0,/data6/Users/joonblee/SKOutput/Run2UL_v3_Run3_v13/NIsoMuon/2022/NIsoMuon_Zp_M-60.root,OS_POGMedium_tight_BJet_NIsoDimuon/Dilepton_Mass___OS_POGMedium_tight_BJet_NIsoDimuon,54.0,66.0,48.0,72.0,0.02,15,0.3,0,3,284.5071279272923,16.240010031417683,59.80680618648046,0.05202776780376084,1.0780342154161278,0.048949096395939695,0.01796723692360213,0.0008158182732656616,27.654604939708765,25,1.1061841975883506,plots/sigFit/sigFit_2022_M-60.pdf;plots/sigFit/sigFit_2022_M-60.png
2022,65.0,/data6/Users/joonblee/SKOutput/Run2UL_v3_Run3_v13/NIsoMuon/2022/NIsoMuon_Zp_M-65.root,OS_POGMedium_tight_BJet_NIsoDimuon/Dilepton_Mass___OS_POGMedium_tight_BJet_NIsoDimuon,58.5,71.5,52.0,78.0,0.02,15,0.3,0,3,137.81081742098542,6.385022598915967,64.82301994892133,0.05181848142148482,1.3550215800145362,0.05347015362813057,0.02084648584637748,0.0008226177481250856,45.83600701979296,34,1.3481178535233223,plots/sigFit/sigFit_2022_M-65.pdf;plots/sigFit/sigFit_2022_M-65.png
2022,70.0,/data6/Users/joonblee/SKOutput/Run2UL_v3_Run3_v13/NIsoMuon/2022/NIsoMuon_Zp_M-70.root,OS_POGMedium_tight_BJet_NIsoDimuon/Dilepton_Mass___OS_POGMedium_tight_BJet_NIsoDimuon,63.0,77.0,56.0,84.0,0.02,15,0.3,0,3,94.08451860146386,3.9192477577482663,69.85521623180378,0.06489415148411126,1.3387454212275414,0.04935752183655184,0.019124934588964877,0.0007051074548078835,30.555215028556706,34,0.8986827949575502,plots/sigFit/sigFit_2022_M-70.pdf;plots/sigFit/sigFit_2022_M-70.png
2022EE,12.0,/data6/Users/joonblee/SKOutput/Run2UL_v3_Run3_v13/NIsoMuon/2022EE/NIsoMuon_Zp_M-12.root,OS_POGMedium_tight_BJet_NIsoDimuon/Dilepton_Mass___OS_POGMedium_tight_BJet_NIsoDimuon,10.8,13.2,9.6,14.4,0.02,3,0.06,0,3,1580810.834756291,49593.509116242756,11.983059239103715,0.0038529829605460364,0.16503697405428328,0.0034893126304555433,0.013753081171190272,0.00029077605253796196,96.15918929895552,29,3.315834113757087,plots/sigFit/sigFit_2022EE_M-12.pdf;plots/sigFit/sigFit_2022EE_M-12.png
2022EE,15.0,/data6/Users/joonblee/SKOutput/Run2UL_v3_Run3_v13/NIsoMuon/2022EE/NIsoMuon_Zp_M-15.root,OS_POGMedium_tight_BJet_NIsoDimuon/Dilepton_Mass___OS_POGMedium_tight_BJet_NIsoDimuon,13.5,16.5,12.0,18.0,0.02,4,0.08,0,3,985169.1206936741,17270.517929463298,14.980833397705805,0.0025636537283606486,0.21492713836512775,0.002031826804649181,0.014328475891008517,0.0001354551203099454,137.1246367168283,30,4.570821223894276,plots/sigFit/sigFit_2022EE_M-15.pdf;plots/sigFit/sigFit_2022EE_M-15.png
2022EE,20.0,/data6/Users/joonblee/SKOutput/Run2UL_v3_Run3_v13/NIsoMuon/2022EE/NIsoMuon_Zp_M-20.root,OS_POGMedium_tight_BJet_NIsoDimuon/Dilepton_Mass___OS_POGMedium_tight_BJet_NIsoDimuon,18.0,22.0,16.0,24.0,0.02,5,0.1,0,3,352238.579538439,6722.479496282322,19.966483487214372,0.003922547953413513,0.2965536134665092,0.003090970232440149,0.01482768067332546,0.00015454851162200744,112.78280581357194,33,3.417660782229453,plots/sigFit/sigFit_2022EE_M-20.pdf;plots/sigFit/sigFit_2022EE_M-20.png
2022EE,25.0,/data6/Users/joonblee/SKOutput/Run2UL_v3_Run3_v13/NIsoMuon/2022EE/NIsoMuon_Zp_M-25.root,OS_POGMedium_tight_BJet_NIsoDimuon/Dilepton_Mass___OS_POGMedium_tight_BJet_NIsoDimuon,22.5,27.5,20.0,30.0,0.02,6,0.12,0,3,125952.68737236576,4433.7594207405855,24.94571361959331,0.009804837693051738,0.38825178318651155,0.00898235946278314,0.015530071327460461,0.0003592943785113256,39.27735705382998,32,1.227417407932187,plots/sigFit/sigFit_2022EE_M-25.pdf;plots/sigFit/sigFit_2022EE_M-25.png
2022EE,30.0,/data6/Users/joonblee/SKOutput/Run2UL_v3_Run3_v13/NIsoMuon/2022EE/NIsoMuon_Zp_M-30.root,OS_POGMedium_tight_BJet_NIsoDimuon/Dilepton_Mass___OS_POGMedium_tight_BJet_NIsoDimuon,27.0,33.0,24.0,36.0,0.02,6,0.12,0,3,42723.99052429062,2022.5289327182982,29.943114619310307,0.016810380721477003,0.4861089361234781,0.015173382056211104,0.016203631204115936,0.0005057794018737035,54.134381923020456,38,1.4245889979742226,plots/sigFit/sigFit_2022EE_M-30.pdf;plots/sigFit/sigFit_2022EE_M-30.png
2022EE,35.0,/data6/Users/joonblee/SKOutput/Run2UL_v3_Run3_v13/NIsoMuon/2022EE/NIsoMuon_Zp_M-35.root,OS_POGMedium_tight_BJet_NIsoDimuon/Dilepton_Mass___OS_POGMedium_tight_BJet_NIsoDimuon,31.5,38.5,28.0,42.0,0.02,6,0.12,0,3,17163.305338785278,840.6570122972807,34.93469271046178,0.021825684741092033,0.5715078541266806,0.02024788848091147,0.016328795832190875,0.0005785110994546134,39.54284746546969,43,0.9196011038481323,plots/sigFit/sigFit_2022EE_M-35.pdf;plots/sigFit/sigFit_2022EE_M-35.png
2022EE,40.0,/data6/Users/joonblee/SKOutput/Run2UL_v3_Run3_v13/NIsoMuon/2022EE/NIsoMuon_Zp_M-40.root,OS_POGMedium_tight_BJet_NIsoDimuon/Dilepton_Mass___OS_POGMedium_tight_BJet_NIsoDimuon,36.0,44.0,32.0,48.0,0.02,10,0.2,0,3,11188.783875992362,248.98606681528236,39.91516437156813,0.01382583935298598,0.6975109261872304,0.013469281947534772,0.01743777315468076,0.0003367320486883693,58.10933705656166,33,1.7608890017139895,plots/sigFit/sigFit_2022EE_M-40.pdf;plots/sigFit/sigFit_2022EE_M-40.png
2022EE,45.0,/data6/Users/joonblee/SKOutput/Run2UL_v3_Run3_v13/NIsoMuon/2022EE/NIsoMuon_Zp_M-45.root,OS_POGMedium_tight_BJet_NIsoDimuon/Dilepton_Mass___OS_POGMedium_tight_BJet_NIsoDimuon,40.5,49.5,36.0,54.0,0.02,10,0.2,0,3,4965.080993941784,141.92550939567082,44.89407529132594,0.018228972006564703,0.820730682164302,0.01724617085955349,0.018238459603651155,0.0003832482413234109,40.411081701581665,36,1.1225300472661575,plots/sigFit/sigFit_2022EE_M-45.pdf;plots/sigFit/sigFit_2022EE_M-45.png
2022EE,50.0,/data6/Users/joonblee/SKOutput/Run2UL_v3_Run3_v13/NIsoMuon/2022EE/NIsoMuon_Zp_M-50.root,OS_POGMedium_tight_BJet_NIsoDimuon/Dilepton_Mass___OS_POGMedium_tight_BJet_NIsoDimuon,45.0,55.0,40.0,60.0,0.02,12,0.24,0,3,2750.0373869489863,127.56026580797675,49.92892016591936,0.040090642125321097,0.9748779025019978,0.03846149251680381,0.019497558050039956,0.0007692298503360761,24.8821933289535,31,0.8026513977081774,plots/sigFit/sigFit_2022EE_M-50.pdf;plots/sigFit/sigFit_2022EE_M-50.png
2022EE,55.0,/data6/Users/joonblee/SKOutput/Run2UL_v3_Run3_v13/NIsoMuon/2022EE/NIsoMuon_Zp_M-55.root,OS_POGMedium_tight_BJet_NIsoDimuon/Dilepton_Mass___OS_POGMedium_tight_BJet_NIsoDimuon,49.5,60.5,44.0,66.0,0.02,12,0.24,0,3,1475.1853606209672,64.63667104509511,54.852007918784544,0.034659942916466235,1.0166963548478436,0.032475179077325333,0.018485388269960792,0.0005904578014059151,30.300679069687543,35,0.8657336877053584,plots/sigFit/sigFit_2022EE_M-55.pdf;plots/sigFit/sigFit_2022EE_M-55.png
2022EE,60.0,/data6/Users/joonblee/SKOutput/Run2UL_v3_Run3_v13/NIsoMuon/2022EE/NIsoMuon_Zp_M-60.root,OS_POGMedium_tight_BJet_NIsoDimuon/Dilepton_Mass___OS_POGMedium_tight_BJet_NIsoDimuon,54.0,66.0,48.0,72.0,0.02,15,0.3,0,3,992.0123032002507,54.70666805136483,59.77534413076836,0.054473764516973944,1.096365732533474,0.04344701297339326,0.018272762208891232,0.0007241168828898877,35.53942789949263,30,1.1846475966497543,plots/sigFit/sigFit_2022EE_M-60.pdf;plots/sigFit/sigFit_2022EE_M-60.png
2022EE,65.0,/data6/Users/joonblee/SKOutput/Run2UL_v3_Run3_v13/NIsoMuon/2022EE/NIsoMuon_Zp_M-65.root,OS_POGMedium_tight_BJet_NIsoDimuon/Dilepton_Mass___OS_POGMedium_tight_BJet_NIsoDimuon,58.5,71.5,52.0,78.0,0.02,15,0.3,0,3,474.7090443197079,22.531498554426776,64.78843452409986,0.07398028434595716,1.3811575855952098,0.06922729573749709,0.021248578239926305,0.0010650353190384168,26.33015595740582,35,0.7522901702115949,plots/sigFit/sigFit_2022EE_M-65.pdf;plots/sigFit/sigFit_2022EE_M-65.png
2022EE,70.0,/data6/Users/joonblee/SKOutput/Run2UL_v3_Run3_v13/NIsoMuon/2022EE/NIsoMuon_Zp_M-70.root,OS_POGMedium_tight_BJet_NIsoDimuon/Dilepton_Mass___OS_POGMedium_tight_BJet_NIsoDimuon,63.0,77.0,56.0,84.0,0.02,15,0.3,2,0,304.2129416551465,0.0,69.78171569373818,0.0,1.4589818026933514,0.0,0.02084259718133359,0.0,34.11899563693156,34,1.0034998716744576,plots/sigFit/sigFit_2022EE_M-70.pdf;plots/sigFit/sigFit_2022EE_M-70.png
2023,12.0,/data6/Users/joonblee/SKOutput/Run2UL_v3_Run3_v13/NIsoMuon/2023/NIsoMuon_Zp_M-12.root,OS_POGMedium_tight_BJet_NIsoDimuon/Dilepton_Mass___OS_POGMedium_tight_BJet_NIsoDimuon,10.8,13.2,9.6,14.4,0.02,3,0.06,0,3,1027084.7240784123,33101.08647731028,11.99454970576073,0.00366209715823107,0.16944295135196358,0.002979746896754565,0.014120245945996965,0.0002483122413962137,97.59331757974687,32,3.0497911743670896,plots/sigFit/sigFit_2023_M-12.pdf;plots/sigFit/sigFit_2023_M-12.png
2023,15.0,/data6/Users/joonblee/SKOutput/Run2UL_v3_Run3_v13/NIsoMuon/2023/NIsoMuon_Zp_M-15.root,OS_POGMedium_tight_BJet_NIsoDimuon/Dilepton_Mass___OS_POGMedium_tight_BJet_NIsoDimuon,13.5,16.5,12.0,18.0,0.02,4,0.08,0,3,664484.8443124725,11991.73729201639,14.98464889187056,0.0027250398942513243,0.21791593991996394,0.0020177533017747273,0.014527729327997596,0.00013451688678498182,102.18044173783572,30,3.4060147245945243,plots/sigFit/sigFit_2023_M-15.pdf;plots/sigFit/sigFit_2023_M-15.png
2023,20.0,/data6/Users/joonblee/SKOutput/Run2UL_v3_Run3_v13/NIsoMuon/2023/NIsoMuon_Zp_M-20.root,OS_POGMedium_tight_BJet_NIsoDimuon/Dilepton_Mass___OS_POGMedium_tight_BJet_NIsoDimuon,18.0,22.0,16.0,24.0,0.02,5,0.1,0,3,241199.41664868072,4845.7490556256525,19.96619315944222,0.004236992782205462,0.2962099920752248,0.0033614405944188686,0.01481049960376124,0.00016807202972094344,69.90104489941515,32,2.1844076531067236,plots/sigFit/sigFit_2023_M-20.pdf;plots/sigFit/sigFit_2023_M-20.png
2023,25.0,/data6/Users/joonblee/SKOutput/Run2UL_v3_Run3_v13/NIsoMuon/2023/NIsoMuon_Zp_M-25.root,OS_POGMedium_tight_BJet_NIsoDimuon/Dilepton_Mass___OS_POGMedium_tight_BJet_NIsoDimuon,22.5,27.5,20.0,30.0,0.02,6,0.12,0,3,88764.67147896254,3089.668623981379,24.94571834530273,0.011293110592033528,0.39201165808327754,0.00933738565741557,0.015680466323331102,0.0003734954262966228,53.05573990060053,32,1.6579918718937665,plots/sigFit/sigFit_2023_M-25.pdf;plots/sigFit/sigFit_2023_M-25.png
2023,30.0,/data6/Users/joonblee/SKOutput/Run2UL_v3_Run3_v13/NIsoMuon/2023/NIsoMuon_Zp_M-30.root,OS_POGMedium_tight_BJet_NIsoDimuon/Dilepton_Mass___OS_POGMedium_tight_BJet_NIsoDimuon,27.0,33.0,24.0,36.0,0.02,6,0.12,0,3,27643.33889438703,1327.618703465865,29.920844534992526,0.01865197675956587,0.5018255766314226,0.015155320479373069,0.01672751922104742,0.0005051773493124356,52.391756438511095,38,1.3787304325923972,plots/sigFit/sigFit_2023_M-30.pdf;plots/sigFit/sigFit_2023_M-30.png
2023,35.0,/data6/Users/joonblee/SKOutput/Run2UL_v3_Run3_v13/NIsoMuon/2023/NIsoMuon_Zp_M-35.root,OS_POGMedium_tight_BJet_NIsoDimuon/Dilepton_Mass___OS_POGMedium_tight_BJet_NIsoDimuon,31.5,38.5,28.0,42.0,0.02,6,0.12,0,3,11225.609605991323,564.2433350656675,34.90745601522749,0.023770079844865677,0.5654455838327993,0.01850726933529734,0.01615558810950855,0.0005287791238656383,46.826221744578326,44,1.06423231237678,plots/sigFit/sigFit_2023_M-35.pdf;plots/sigFit/sigFit_2023_M-35.png
2023,40.0,/data6/Users/joonblee/SKOutput/Run2UL_v3_Run3_v13/NIsoMuon/2023/NIsoMuon_Zp_M-40.root,OS_POGMedium_tight_BJet_NIsoDimuon/Dilepton_Mass___OS_POGMedium_tight_BJet_NIsoDimuon,36.0,44.0,32.0,48.0,0.02,10,0.2,0,3,7793.711434099483,171.34564212424038,39.95588121254391,0.012342651701072072,0.7060012972180776,0.010488835696692456,0.01765003243045194,0.0002622208924173114,36.68059302982381,33,1.111533122115873,plots/sigFit/sigFit_2023_M-40.pdf;plots/sigFit/sigFit_2023_M-40.png
2023,45.0,/data6/Users/joonblee/SKOutput/Run2UL_v3_Run3_v13/NIsoMuon/2023/NIsoMuon_Zp_M-45.root,OS_POGMedium_tight_BJet_NIsoDimuon/Dilepton_Mass___OS_POGMedium_tight_BJet_NIsoDimuon,40.5,49.5,36.0,54.0,0.02,10,0.2,0,3,3472.766321966506,111.56577576631162,44.914245174727526,0.02236715247193999,0.8444149615099465,0.02455018545262766,0.018764776922443258,0.0005455596767250591,52.06284044452977,37,1.4071037957981019,plots/sigFit/sigFit_2023_M-45.pdf;plots/sigFit/sigFit_2023_M-45.png
2023,50.0,/data6/Users/joonblee/SKOutput/Run2UL_v3_Run3_v13/NIsoMuon/2023/NIsoMuon_Zp_M-50.root,OS_POGMedium_tight_BJet_NIsoDimuon/Dilepton_Mass___OS_POGMedium_tight_BJet_NIsoDimuon,45.0,55.0,40.0,60.0,0.02,12,0.24,0,3,2055.124408814923,85.53327840344036,49.81907927398467,0.03395094130949161,0.956800925813345,0.02422064320880485,0.0191360185162669,0.000484412864176097,30.579951831725744,32,0.9556234947414295,plots/sigFit/sigFit_2023_M-50.pdf;plots/sigFit/sigFit_2023_M-50.png
2023,55.0,/data6/Users/joonblee/SKOutput/Run2UL_v3_Run3_v13/NIsoMuon/2023/NIsoMuon_Zp_M-55.root,OS_POGMedium_tight_BJet_NIsoDimuon/Dilepton_Mass___OS_POGMedium_tight_BJet_NIsoDimuon,49.5,60.5,44.0,66.0,0.02,12,0.24,0,3,1017.759445370109,47.41465455198039,54.88115292748258,0.03659653556075071,1.0294996497930053,0.03419456640322688,0.018718175450781915,0.0006217193891495796,36.60230526891616,36,1.016730701914338,plots/sigFit/sigFit_2023_M-55.pdf;plots/sigFit/sigFit_2023_M-55.png
2023,60.0,/data6/Users/joonblee/SKOutput/Run2UL_v3_Run3_v13/NIsoMuon/2023/NIsoMuon_Zp_M-60.root,OS_POGMedium_tight_BJet_NIsoDimuon/Dilepton_Mass___OS_POGMedium_tight_BJet_NIsoDimuon,54.0,66.0,48.0,72.0,0.02,15,0.3,0,3,594.3846239794515,36.08008731891664,59.8064130389333,0.06807068483596268,1.306557905070133,0.06494656537234977,0.021775965084502216,0.0010824427562058296,31.435608528032166,29,1.0839865009666263,plots/sigFit/sigFit_2023_M-60.pdf;plots/sigFit/sigFit_2023_M-60.png
2023,65.0,/data6/Users/joonblee/SKOutput/Run2UL_v3_Run3_v13/NIsoMuon/2023/NIsoMuon_Zp_M-65.root,OS_POGMedium_tight_BJet_NIsoDimuon/Dilepton_Mass___OS_POGMedium_tight_BJet_NIsoDimuon,58.5,71.5,52.0,78.0,0.02,15,0.3,0,3,374.80373535803335,16.873091053942716,64.7720303912448,0.04440440934175882,1.2118439066342201,0.03398864840876825,0.018643752409757235,0.0005229022832118192,65.20104756956107,32,2.0375327365487834,plots/sigFit/sigFit_2023_M-65.pdf;plots/sigFit/sigFit_2023_M-65.png
2023,70.0,/data6/Users/joonblee/SKOutput/Run2UL_v3_Run3_v13/NIsoMuon/2023/NIsoMuon_Zp_M-70.root,OS_POGMedium_tight_BJet_NIsoDimuon/Dilepton_Mass___OS_POGMedium_tight_BJet_NIsoDimuon,63.0,77.0,56.0,84.0,0.02,15,0.3,0,3,201.5049252530442,8.630911175958673,69.80804567597313,0.05557069277818982,1.5588592970684116,0.04903970212694275,0.022269418529548737,0.0007005671732420393,23.84372958696884,38,0.6274665680781274,plots/sigFit/sigFit_2023_M-70.pdf;plots/sigFit/sigFit_2023_M-70.png
2023BPix,12.0,/data6/Users/joonblee/SKOutput/Run2UL_v3_Run3_v13/NIsoMuon/2023BPix/NIsoMuon_Zp_M-12.root,OS_POGMedium_tight_BJet_NIsoDimuon/Dilepton_Mass___OS_POGMedium_tight_BJet_NIsoDimuon,10.8,13.2,9.6,14.4,0.02,3,0.06,0,3,553480.0007820543,17606.710083555197,11.989175875132721,0.0037109720502233046,0.16593982242240238,0.0028422310094247116,0.013828318535200198,0.00023685258411872598,65.55656512636844,32,2.0486426601990138,plots/sigFit/sigFit_2023BPix_M-12.pdf;plots/sigFit/sigFit_2023BPix_M-12.png
2023BPix,15.0,/data6/Users/joonblee/SKOutput/Run2UL_v3_Run3_v13/NIsoMuon/2023BPix/NIsoMuon_Zp_M-15.root,OS_POGMedium_tight_BJet_NIsoDimuon/Dilepton_Mass___OS_POGMedium_tight_BJet_NIsoDimuon,13.5,16.5,12.0,18.0,0.02,4,0.08,0,3,362466.4190141982,6671.933293759532,14.978744633101114,0.0027171961298169123,0.2137864201678395,0.0020936770151148004,0.0142524280111893,0.00013957846767432002,117.17236617487136,30,3.9057455391623788,plots/sigFit/sigFit_2023BPix_M-15.pdf;plots/sigFit/sigFit_2023BPix_M-15.png
2023BPix,20.0,/data6/Users/joonblee/SKOutput/Run2UL_v3_Run3_v13/NIsoMuon/2023BPix/NIsoMuon_Zp_M-20.root,OS_POGMedium_tight_BJet_NIsoDimuon/Dilepton_Mass___OS_POGMedium_tight_BJet_NIsoDimuon,18.0,22.0,16.0,24.0,0.02,5,0.1,0,3,136114.17314448356,2716.745612625222,19.97079345303944,0.004255355488462342,0.29623991664269894,0.0034164985864613695,0.014811995832134947,0.00017082492932306848,125.96747388031328,33,3.8171961781913115,plots/sigFit/sigFit_2023BPix_M-20.pdf;plots/sigFit/sigFit_2023BPix_M-20.png
2023BPix,25.0,/data6/Users/joonblee/SKOutput/Run2UL_v3_Run3_v13/NIsoMuon/2023BPix/NIsoMuon_Zp_M-25.root,OS_POGMedium_tight_BJet_NIsoDimuon/Dilepton_Mass___OS_POGMedium_tight_BJet_NIsoDimuon,22.5,27.5,20.0,30.0,0.02,6,0.12,0,3,49479.45632038482,1796.635700530438,24.97305204906667,0.010308557122698403,0.37783318007940153,0.009288150498006076,0.015113327203176062,0.00037152601992024303,69.33431682221119,32,2.1666974006940998,plots/sigFit/sigFit_2023BPix_M-25.pdf;plots/sigFit/sigFit_2023BPix_M-25.png
2023BPix,30.0,/data6/Users/joonblee/SKOutput/Run2UL_v3_Run3_v13/NIsoMuon/2023BPix/NIsoMuon_Zp_M-30.root,OS_POGMedium_tight_BJet_NIsoDimuon/Dilepton_Mass___OS_POGMedium_tight_BJet_NIsoDimuon,27.0,33.0,24.0,36.0,0.02,6,0.12,0,3,14785.230713969187,708.5813446673692,29.919668355737137,0.018294061880155255,0.49036277852002014,0.01549038849352169,0.016345425950667337,0.0005163462831173897,57.876629292432725,38,1.5230691919061243,plots/sigFit/sigFit_2023BPix_M-30.pdf;plots/sigFit/sigFit_2023BPix_M-30.png
2023BPix,35.0,/data6/Users/joonblee/SKOutput/Run2UL_v3_Run3_v13/NIsoMuon/2023BPix/NIsoMuon_Zp_M-35.root,OS_POGMedium_tight_BJet_NIsoDimuon/Dilepton_Mass___OS_POGMedium_tight_BJet_NIsoDimuon,31.5,38.5,28.0,42.0,0.02,6,0.12,0,3,6744.12716321095,332.3484030376021,34.89178531898694,0.021039532193711352,0.5166283872285322,0.013672793031507868,0.014760811063672349,0.0003906512294716534,49.63463011626581,41,1.2106007345430685,plots/sigFit/sigFit_2023BPix_M-35.pdf;plots/sigFit/sigFit_2023BPix_M-35.png
2023BPix,40.0,/data6/Users/joonblee/SKOutput/Run2UL_v3_Run3_v13/NIsoMuon/2023BPix/NIsoMuon_Zp_M-40.root,OS_POGMedium_tight_BJet_NIsoDimuon/Dilepton_Mass___OS_POGMedium_tight_BJet_NIsoDimuon,36.0,44.0,32.0,48.0,0.02,10,0.2,0,3,4340.699420597808,96.17277218946629,39.91114098107677,0.012099506936369409,0.7031174904668599,0.011637480495857111,0.0175779372616715,0.00029093701239642775,38.904944795745756,32,1.2157795248670549,plots/sigFit/sigFit_2023BPix_M-40.pdf;plots/sigFit/sigFit_2023BPix_M-40.png
2023BPix,45.0,/data6/Users/joonblee/SKOutput/Run2UL_v3_Run3_v13/NIsoMuon/2023BPix/NIsoMuon_Zp_M-45.root,OS_POGMedium_tight_BJet_NIsoDimuon/Dilepton_Mass___OS_POGMedium_tight_BJet_NIsoDimuon,40.5,49.5,36.0,54.0,0.02,10,0.2,0,3,1952.6125427384904,58.81045442428638,44.87383252183261,0.01897889117863727,0.8151532835745428,0.017169074241750515,0.018114517412767615,0.00038153498315001143,55.09502443770641,37,1.4890547145326056,plots/sigFit/sigFit_2023BPix_M-45.pdf;plots/sigFit/sigFit_2023BPix_M-45.png
2023BPix,50.0,/data6/Users/joonblee/SKOutput/Run2UL_v3_Run3_v13/NIsoMuon/2023BPix/NIsoMuon_Zp_M-50.root,OS_POGMedium_tight_BJet_NIsoDimuon/Dilepton_Mass___OS_POGMedium_tight_BJet_NIsoDimuon,45.0,55.0,40.0,60.0,0.02,12,0.24,0,3,1192.7582467397392,57.340297436176456,49.90956049134196,0.03382720487065782,0.9042358102906396,0.033580871239071663,0.01808471620581279,0.0006716174247814332,65.36322163202647,32,2.042600676000827,plots/sigFit/sigFit_2023BPix_M-50.pdf;plots/sigFit/sigFit_2023BPix_M-50.png
2023BPix,55.0,/data6/Users/joonblee/SKOutput/Run2UL_v3_Run3_v13/NIsoMuon/2023BPix/NIsoMuon_Zp_M-55.root,OS_POGMedium_tight_BJet_NIsoDimuon/Dilepton_Mass___OS_POGMedium_tight_BJet_NIsoDimuon,49.5,60.5,44.0,66.0,0.02,12,0.24,0,3,546.2227450161657,24.78642285539314,54.92418658686605,0.037326334591778476,1.0608827849690567,0.032966443087073305,0.019288777908528305,0.0005993898743104237,42.86004647606529,36,1.1905568465573693,plots/sigFit/sigFit_2023BPix_M-55.pdf;plots/sigFit/sigFit_2023BPix_M-55.png
2023BPix,60.0,/data6/Users/joonblee/SKOutput/Run2UL_v3_Run3_v13/NIsoMuon/2023BPix/NIsoMuon_Zp_M-60.root,OS_POGMedium_tight_BJet_NIsoDimuon/Dilepton_Mass___OS_POGMedium_tight_BJet_NIsoDimuon,54.0,66.0,48.0,72.0,0.02,15,0.3,0,3,418.26089206944505,23.95648371367352,59.90232956219321,0.05199035973938848,1.1191855223248721,0.0508118297650374,0.01865309203874787,0.00084686382941729,27.772089794652757,30,0.9257363264884252,plots/sigFit/sigFit_2023BPix_M-60.pdf;plots/sigFit/sigFit_2023BPix_M-60.png
2023BPix,65.0,/data6/Users/joonblee/SKOutput/Run2UL_v3_Run3_v13/NIsoMuon/2023BPix/NIsoMuon_Zp_M-65.root,OS_POGMedium_tight_BJet_NIsoDimuon/Dilepton_Mass___OS_POGMedium_tight_BJet_NIsoDimuon,58.5,71.5,52.0,78.0,0.02,15,0.3,0,3,213.8541560031055,8.404269704511833,64.77854476817318,0.047969422076967305,1.2983752477364312,0.028219096332615656,0.01997500381132971,0.0004341399435787024,54.62422395850932,35,1.5606921131002662,plots/sigFit/sigFit_2023BPix_M-65.pdf;plots/sigFit/sigFit_2023BPix_M-65.png
2023BPix,70.0,/data6/Users/joonblee/SKOutput/Run2UL_v3_Run3_v13/NIsoMuon/2023BPix/NIsoMuon_Zp_M-70.root,OS_POGMedium_tight_BJet_NIsoDimuon/Dilepton_Mass___OS_POGMedium_tight_BJet_NIsoDimuon,63.0,77.0,56.0,84.0,0.02,15,0.3,0,3,124.2876856109074,5.9142974240074935,69.76874462087454,0.05051937225724146,1.413507175733237,0.05877275492567158,0.020192959653331954,0.0008396107846524512,44.99066186865411,38,1.1839647860172133,plots/sigFit/sigFit_2023BPix_M-70.pdf;plots/sigFit/sigFit_2023BPix_M-70.png
